id,Lat,Lng
516,-6.55737275,106.734238481
517,-6.5573702549999995,106.73423863100001
518,-6.557370677,106.734238254
519,-6.557370683,106.734238265
520,-6.557372668,106.73423774300001
521,-6.5573780820000005,106.734236893
522,-6.557387122,106.734236158
523,-6.55740137,106.734235828
524,-6.5574035010000005,106.734235715
525,-6.557398736,106.734234538
526,-6.557398009,106.734234723
527,-6.557404140999999,106.734233911
528,-6.5574045409999995,106.734233961
529,-6.557405515,106.734234149
530,-6.5573937749999995,106.734231166
531,-6.5574076550000004,106.734234515
532,-6.557407474,106.73423445899999
533,-6.557407145,106.734234423
534,-6.557408056,106.734234579
535,-6.557407078,106.73423472
536,-6.557406692,106.73423468
537,-6.557406006,106.73423462
538,-6.557405527,106.73423490900001
539,-6.557404884,106.734234967
540,-6.55740501,106.734234953
541,-6.557392436000001,106.734235087
542,-6.557390982,106.734235146
543,-6.557392148,106.734235121
544,-6.557391585,106.73423519800001
545,-6.55738973,106.734235297
546,-6.557388478,106.734235341
547,-6.557384675,106.734235416
548,-6.557343359,106.734234196
549,-6.557357451,106.734234407
550,-6.557341903999999,106.734234299
551,-6.557247176,106.734222914
552,-6.557246387999999,106.734222891
553,-6.5572218829999995,106.734215416
554,-6.557323931,106.734233376
555,-6.557286598999999,106.734229604
556,-6.55714277,106.734209041
557,-6.55722279,106.7342169
558,-6.557125837999999,106.734208992
559,-6.557137526,106.734209031
560,-6.557134485,106.734210264
561,-6.557127391,106.734210938
562,-6.557125974,106.73421017700001
563,-6.557123738,106.734209315
564,-6.557127299999999,106.734210938
565,-6.557137495999999,106.73420944600001
566,-6.557130504,106.73421077200001
567,-6.5571266779999995,106.734210934
568,-6.557126856,106.73421093600001
569,-6.5571266779999995,106.734210934
570,-6.557127195,106.734210969
571,-6.557127195,106.734210969
572,-6.557126168,106.734210602
573,-6.5571240809999995,106.734209748
574,-6.557127572,106.734208208
575,-6.557127672999999,106.734208155
576,-6.557134133,106.734208896
577,-6.557133707999999,106.734208257
578,-6.557142816,106.73420894200001
579,-6.557318673999999,106.73423392400001
580,-6.557374748,106.734236346
581,-6.557373089,106.734237713
582,-6.5573767190000005,106.734237386
583,-6.557377061,106.734237318
584,-6.557375464,106.73423773900001
585,-6.557375462,106.734237444
586,-6.557375222,106.734237561
587,-6.557375334,106.734237435
588,-6.557378932000001,106.734236866
589,-6.557380127,106.734236705
590,-6.557383656000001,106.734236059
591,-6.5574060769999996,106.734234106
592,-6.557399631,106.734234859
593,-6.557406595,106.73423406399999
594,-6.557406887,106.734233875
595,-6.557373474,106.734215211
596,-6.5572553099999995,106.734147318
597,-6.557342123,106.734200946
598,-6.557247982,106.734156148
599,-6.557248190999999,106.734158928
600,-6.557186548,106.734189336
601,-6.557329571,106.73402683900001
602,-6.5573601130000005,106.734033207
603,-6.5574072569999995,106.733702098
604,-6.557407380999999,106.733702077
605,-6.557407246999999,106.733702094
606,-6.557401819999999,106.733702071
607,-6.557401945,106.733702049
608,-6.557407262999999,106.733702098
609,-6.557407387,106.733702077
610,-6.557407355999999,106.733702102
611,-6.557407252999999,106.733702094
612,-6.557407387999999,106.733702054
613,-6.557407387999999,106.733702054
614,-6.557407387,106.733702077
615,-6.557407387,106.733702077
616,-6.557049612,106.73407175
617,-6.557108469,106.73411037
618,-6.557225957,106.73414265
619,-6.557235402,106.734165142
620,-6.5572001019999995,106.734134556
621,-6.557203249,106.734132521
622,-6.557203249,106.734132521
623,-6.5572000809999995,106.73413463
624,-6.557203255999999,106.734132507
625,-6.557199871,106.734131689
626,-6.557199871,106.734131689
627,-6.557235388,106.734165234
628,-6.557203255999999,106.734132503
629,-6.5572000809999995,106.73413463
630,-6.5572000809999995,106.73413463
631,-6.557217548,106.734154086
632,-6.5572000809999995,106.73413463
633,-6.557233161999999,106.734163119
634,-6.556976952,106.734125392
635,-6.556934961,106.734059324
636,-6.556948229,106.734094928
637,-6.556949502999999,106.734084181
638,-6.556951205,106.734083387
639,-6.55695128,106.734088501
640,-6.556951517,106.734088317
641,-6.556951208999999,106.734093223
642,-6.556954535,106.734091082
643,-6.556955913,106.734089533
644,-6.556957607,106.734088551
645,-6.556959903,106.73408652
646,-6.556958714,106.73408229500001
647,-6.556959247,106.734081911
648,-6.556963812,106.734083498
649,-6.556963812,106.734083498
650,-6.556969733,106.734072764
651,-6.556975077,106.73407464099999
652,-6.55697338,106.734053323
653,-6.5569622679999995,106.73405434
654,-6.556970841,106.734038272
655,-6.556972973,106.734020213
656,-6.556974773,106.734007634
657,-6.556974504,106.733977011
658,-6.556991203,106.733870482
659,-6.556990272,106.73387073399999
660,-6.556985589,106.73387683
661,-6.556984064,106.733933338
662,-6.55698612,106.733949419
663,-6.55697709,106.734009406
664,-6.556976373,106.734031934
665,-6.556974952,106.734029697
666,-6.556972914,106.734020299
667,-6.556982764,106.734005092
668,-6.556980558,106.733975314
669,-6.556985089,106.734012108
670,-6.5569968549999995,106.733862631
671,-6.556984443,106.73400057799999
672,-6.5569855829999995,106.734011526
673,-6.5569862,106.734011462
674,-6.55698479,106.734003306
675,-6.556991795,106.733952317
676,-6.556986917,106.733968184
677,-6.557008134,106.733850656
678,-6.557031953,106.733867398
679,-6.557033757,106.73386611699999
680,-6.557015199,106.733825462
681,-6.5570141809999996,106.73382313100001
682,-6.557004517,106.73390435099999
683,-6.557006887,106.733908886
684,-6.557005909,106.733915735
685,-6.556992134,106.733994145
686,-6.55699212,106.733994225
687,-6.556986949,106.734012951
688,-6.55698544,106.734014271
689,-6.556976053,106.734049915
690,-6.556972975,106.734057959
691,-6.556973294,106.73407695899999
692,-6.5569669489999995,106.734075567
693,-6.55695732,106.734084067
694,-6.556958829,106.734083234
695,-6.556956769,106.734079814
696,-6.557088944,106.733937625
697,-6.557087270999999,106.733938592
698,-6.557205527000001,106.733763097
699,-6.557231576,106.73372011000001
700,-6.557406973999999,106.733701742
701,-6.557407239999999,106.733702101
702,-6.557407328999999,106.733702038
703,-6.557407327999999,106.733702037
704,-6.557407327999999,106.733702037
705,-6.557407328999999,106.733702038
706,-6.557407328999999,106.733702038
707,-6.557337994000001,106.734025946
708,-6.557337042,106.73404754100001
709,-6.557350175,106.734065003
710,-6.557355477,106.73407035700001
711,-6.557342346,106.7340548
712,-6.557350394,106.73404494
713,-6.557347430000001,106.734047382
714,-6.557356572000001,106.734002519
715,-6.5574071389999995,106.733701865
716,-6.557239716,106.73372311600001
717,-6.557236768,106.733726272
718,-6.557393342999999,106.733704101
719,-6.557398981999999,106.73370446
720,-6.557409729999999,106.733704622
721,-6.557320804000001,106.734006365
722,-6.557323483,106.73403942200001
723,-6.557289151,106.73401859500001
724,-6.557324376,106.734046613
725,-6.557312937000001,106.734020965
726,-6.557278671000001,106.733997132
727,-6.557359513000001,106.734000195
728,-6.557356572000001,106.734002519
729,-6.557359513000001,106.734000196
730,-6.557347445,106.734047427
731,-6.557334955000001,106.734039175
732,-6.557347445,106.734047427
733,-6.557330664,106.734189074
734,-6.557103942,106.734035775
735,-6.557120293,106.734055755
736,-6.557143506,106.734108539
737,-6.557191245,106.734152891
738,-6.557305993,106.734119006
739,-6.557239252,106.734158156
740,-6.556994685,106.734113679
741,-6.557158651,106.734182293
742,-6.557158651,106.734182289
743,-6.557157877,106.734181911
744,-6.55713871,106.734096486
745,-6.557130545,106.73416222728572
746,-6.557227929,106.733995442
747,-6.5572252209999995,106.733998468
748,-6.5571934899999995,106.734125778
749,-6.557172988,106.734147089
750,-6.557183812,106.734153449
751,-6.557103563,106.73409124128571
752,-6.557103557,106.73409124728572
753,-6.5571037379999995,106.73409116428572
754,-6.557127043,106.734108137
755,-6.5571290520000005,106.734099746
756,-6.557129592000001,106.734105033
757,-6.557110096000001,106.734045075
758,-6.557115114,106.73403907
759,-6.557026786000001,106.734081706
760,-6.557053195000001,106.734115493
761,-6.557016487,106.734091804
762,-6.5571089680000005,106.734129888
763,-6.557390893999999,106.733701816
764,-6.557401678999999,106.73370193
765,-6.557396272999999,106.73370184
766,-6.557390901999999,106.733701747
767,-6.5573908329999995,106.733701732
768,-6.5573909399999994,106.733701709
769,-6.557317793,106.73405161000001
770,-6.557312357,106.73408905400001
771,-6.557305336,106.734077337
772,-6.557406937999999,106.733723631
773,-6.557327984,106.734063035
774,-6.557362019,106.73411588900001
775,-6.557364247,106.734107717
776,-6.557369506,106.73411845300001
777,-6.557367332,106.734126757
778,-6.557436988,106.73421948000001
779,-6.5574397,106.734221697
780,-6.557434354,106.734221717
781,-6.557354728,106.734104382
782,-6.557442946,106.734171089
783,-6.557448293,106.734171083
784,-6.557448292,106.734171069
785,-6.557448258,106.734176264
786,-6.557447927,106.734224205
787,-6.557447931,106.734224073
788,-6.557445749999999,106.734226881
789,-6.557447955,106.734224093
790,-6.557444981,106.734220978
791,-6.557444964,106.734221051
792,-6.5574530939999995,106.73422792
793,-6.557437457999999,106.734193554
794,-6.55744202,106.734218347
795,-6.557445758,106.734226886
796,-6.557447955,106.734224115
797,-6.557450765,106.73421949
798,-6.557390863999999,106.73370172
799,-6.557390879999999,106.733701705
800,-6.557287973999999,106.734141894
801,-6.557265179,106.734109246
802,-6.557262241,106.734112281
803,-6.557262241,106.734112281
804,-6.557262241,106.734112281
805,-6.55726565,106.73411101
806,-6.557390869999999,106.73370172
807,-6.55744795,106.73421861
808,-6.557448711999999,106.73422442
809,-6.55745091,106.73422165
810,-6.55745091,106.734221619
811,-6.557442588,106.734218478
812,-6.55745088,106.734221573
813,-6.55745088,106.734221573
814,-6.557432101,106.734218827
815,-6.557448029,106.734218657
816,-6.557453578,106.734213824
817,-6.557374472999999,106.73414128600001
818,-6.557351766,106.734132837
819,-6.557342384999999,106.734097518
820,-6.557313922,106.734031629
1550,-6.556984015444445,106.73409541911111
1551,-6.557093286,106.73398822
1552,-6.557108556999999,106.73396347399999
1553,-6.557107652,106.733969038
1554,-6.557103118,106.73397518899999
1555,-6.557101899,106.733975821
1556,-6.557090819,106.73398725
1557,-6.557054449,106.734029351
1558,-6.557056626,106.73399762
1559,-6.557019539,106.733905752
1560,-6.557015738999999,106.733911345
1561,-6.557018616,106.733903346
1562,-6.557022902999999,106.733899445
1563,-6.557020592,106.733907432
1564,-6.557022522,106.733907025
1565,-6.557024349,106.73390571899999
1566,-6.55702818,106.733897925
1567,-6.557042303999999,106.733911794
1568,-6.557086785999999,106.73395085199999
1569,-6.557100741,106.733977884
1570,-6.5570962779999995,106.733986684
1571,-6.557099805,106.73397983299999
1572,-6.557096939,106.733979205
1573,-6.557099502,106.733979644
1574,-6.557094733,106.733966463
1575,-6.5570933479999995,106.733968682
1576,-6.557043429999999,106.733937274
1577,-6.557040541999999,106.733933008
1578,-6.557003196,106.73389042000001
1579,-6.557021056,106.733910069
1580,-6.557005136,106.733887375
1581,-6.557008705,106.73388252299999
1582,-6.557009893,106.733880802
1583,-6.557009154,106.73388228499999
1584,-6.557008326,106.733885562
1585,-6.557008457,106.733884324
1586,-6.557005793,106.733886803
1587,-6.557006145,106.733886253
1588,-6.557008047,106.733884697
1589,-6.55700818,106.733884525
1590,-6.557010442,106.73387935299999
1591,-6.5570131279999995,106.733878445
1592,-6.557013136999999,106.73387849699999
1593,-6.557013266999999,106.733878509
1594,-6.557008452,106.73388369599999
1595,-6.557013994999999,106.733877157
1596,-6.5570095429999995,106.733877788
1597,-6.55701247,106.733876572
1598,-6.557007799,106.73388042799999
1599,-6.557006689,106.733882336
1600,-6.557006801,106.733882459
1601,-6.557000995,106.73388731300001
1602,-6.557001487,106.733887315
1603,-6.557001535,106.73388777900001
1604,-6.55700134,106.733887351
1605,-6.557000156,106.733889141
1606,-6.556981034,106.733893506
1607,-6.556981586999999,106.733904706
1608,-6.556978098999999,106.733893091
1609,-6.556968791,106.733901236
1610,-6.556970328999999,106.733889472
1611,-6.556968799,106.733871512
1612,-6.556968436999999,106.73386644
1613,-6.556968732,106.733879914
1614,-6.556973039999999,106.733903435
1615,-6.556974031999999,106.733911002
1616,-6.556972847999999,106.73391656300001
1617,-6.556970505999999,106.733871879
1618,-6.556964688,106.733920349
1619,-6.556973588999999,106.733906013
1620,-6.556971062,106.733921517
1621,-6.556959942,106.733954434
1622,-6.556966946999999,106.733981056
1623,-6.5570147919999995,106.733974338
1624,-6.556968190444445,106.73408479611112
1625,-6.557029923,106.733969254
1626,-6.557038918,106.733954573
1627,-6.556970251,106.734151884
1628,-6.557028699,106.734065181
1629,-6.5569500154444444,106.73402322411111
1630,-6.5570489599999995,106.734032428
1631,-6.556952810444445,106.73402053511111
1632,-6.556952789444445,106.73402057911112
1633,-6.556949810194444,106.73401824011111
1634,-6.556949786194445,106.73401829311112
1635,-6.556931723194444,106.73404716011112
1636,-6.556931704194445,106.73404183411111
1637,-6.556931721194444,106.73404716111112
1638,-6.556931706194445,106.73404175111112
1639,-6.556931694194445,106.73404181411111
1640,-6.556931700194445,106.73404185111112
1641,-6.556931694194445,106.73404180411111
1642,-6.556931705194445,106.73404184411112
1643,-6.557235760999999,106.734208635
1644,-6.557243604,106.734211648
1645,-6.557243585,106.734211703
1646,-6.557238204,106.73421167800001
1647,-6.557325698,106.734002145
1648,-6.557336426,106.7340186
1649,-6.5572415490000004,106.734188508
1650,-6.557298956,106.734115637
1651,-6.557069804,106.734089991
1652,-6.557336897,106.73401868
1653,-6.557382184,106.734192293
1654,-6.557317649,106.734058627
1655,-6.5573453399999995,106.734026663
1656,-6.557244379,106.734223333
1657,-6.557345139,106.734092266
1658,-6.55722013,106.734230135
1659,-6.557342478,106.734159311
1660,-6.557230984,106.734239374
1661,-6.557290968,106.73421886
1662,-6.557230943,106.734240239
1663,-6.557230932,106.734240233
1664,-6.5572309,106.734240171
1665,-6.557230927,106.734240293
1666,-6.557277706,106.734217039
1667,-6.557223324,106.734232151
1668,-6.557228718,106.734237459
1669,-6.557228777,106.734237936
1670,-6.557234232,106.734238757
1671,-6.557231986,106.734236178
1672,-6.557226486,106.734234871
1673,-6.557226484,106.734234869
1674,-6.55722648,106.734234876
1675,-6.557221065,106.73423491
1676,-6.557226493,106.734234886
1677,-6.5572103429999995,106.734213331
1678,-6.557210316,106.73421340200001
1679,-6.5572951669999995,106.734163136
1680,-6.557295163999999,106.73416314800001
1681,-6.557187384,106.734194812
1682,-6.557105429,106.734159295
1683,-6.557342386,106.733814337
1684,-6.557267418,106.733892384
1685,-6.557267438,106.733892356
1686,-6.557267435,106.733892363
1687,-6.5572509100000005,106.733907874
1688,-6.557248558,106.733910156
1689,-6.557310087,106.733831688
1690,-6.557303524,106.733844566
1691,-6.557294649,106.733855
1692,-6.557294608,106.733855031
1693,-6.557292524,106.733857787
1694,-6.557278526,106.733881224
1695,-6.557271836,106.733889075
1696,-6.557224171,106.733940779
1697,-6.557222061,106.733943559
1698,-6.557003561444445,106.73403663911111
1699,-6.557000593444444,106.73403978411112
1700,-6.557001192444444,106.73403892111111
1701,-6.5570041934444445,106.73403577611111
1702,-6.557001343444444,106.73405070311111
1703,-6.557064989444444,106.73403529111111
1704,-6.557227274,106.73393939
1705,-6.557230448,106.733937544
1706,-6.557227979,106.733939905
1707,-6.557201728,106.733963286
1708,-6.557194442,106.733970093
1709,-6.557194468,106.733970071
1710,-6.557194457,106.73397008
1711,-6.557192031,106.733972351
1712,-6.5571871569999995,106.733976887
1713,-6.557155582,106.734006326
1714,-6.5571555980000005,106.734006306
1715,-6.557177703,106.733989244
1716,-6.557170971000001,106.733997651
1717,-6.557170769000001,106.733997147
1718,-6.557170769000001,106.733997147
1719,-6.557170752,106.73399715
1720,-6.5571707660000005,106.733997137
1721,-6.557170769000001,106.73399714
1722,-6.55717077,106.733997138
1723,-6.557170768000001,106.733997146
1724,-6.55717077,106.733997139
1725,-6.557170761,106.733997144
1726,-6.557034412444445,106.73402829211112
1727,-6.557104274444445,106.73391696011112
1728,-6.557064707444445,106.73396862511112
1729,-6.557069807444444,106.73394838311111
1730,-6.557039205444444,106.73392612811111
1731,-6.5570007684444445,106.73401760211111
1732,-6.557000771444445,106.73401760411112
1733,-6.557000738444445,106.7340175621111
1734,-6.556958498444445,106.73399578311111
1735,-6.5569585074444445,106.73399587011112
1736,-6.556988137444445,106.7338878351111
1737,-6.556958502444445,106.73399583411111
1738,-6.5569585074444445,106.73399587011112
1739,-6.556958509444445,106.7339958671111
1740,-6.556998248444445,106.73405928811111
1741,-6.557001287444445,106.73405625111111
1742,-6.5572502329999995,106.733911624
1743,-6.557207846,106.73393824
1744,-6.557200751,106.73396469
1745,-6.557210639,106.73395387
1746,-6.557235012,106.733928276
1747,-6.557200751,106.73396469
1748,-6.557200749,106.733964687
1749,-6.557200739,106.733964684
1750,-6.557200739,106.733964684
1751,-6.557200754,106.733964676
1752,-6.557200749,106.733964687
2172,-6.557433657,106.73412840600001
2173,-6.5574333199999995,106.734133407
2174,-6.557433429,106.73413836
2175,-6.557433046999999,106.734152212
2176,-6.5574332250000005,106.734157755
2177,-6.557433984000001,106.734163725
2178,-6.557434221,106.734169987
2179,-6.557435449,106.734175029
2180,-6.557433919,106.734181287
2181,-6.557435043,106.73418569100001
2182,-6.557436278,106.73418946100001
2183,-6.557436215,106.734195708
2184,-6.557436313999999,106.73419690200001
2185,-6.557436053,106.73420314
2186,-6.557436173,106.734204433
2187,-6.557436087,106.73420837500001
2188,-6.557436611000001,106.73421159700001
2189,-6.55743719,106.734214969
2190,-6.557437268,106.734215055
2191,-6.557437489000001,106.734210596
2192,-6.557437436000001,106.734205578
2193,-6.557432811000001,106.734194269
2194,-6.557420436000001,106.734190997
2195,-6.557378102,106.734130349
2196,-6.55726076,106.73393785
2197,-6.557241349,106.733907832
2198,-6.557243566,106.733905042
2199,-6.5572507589999995,106.733898136
2200,-6.557238516,106.733908723
2201,-6.557051454,106.734199445
2202,-6.557069274,106.734180966
2203,-6.55714042,106.734170023
2204,-6.557254517,106.734183693
2205,-6.557385331,106.73423985
2206,-6.557387642,106.73423972
2207,-6.557387848,106.734239789
2208,-6.557385607,106.734239745
2209,-6.5573771050000005,106.734237077
2210,-6.557374763,106.734236799
2211,-6.557366224,106.73423638199999
2212,-6.557364316,106.734235799
2213,-6.557368881,106.734235766
2214,-6.557363123,106.734234865
2215,-6.557363004000001,106.73423486
2216,-6.557360926,106.734236948
2217,-6.557357234,106.73423909099999
2218,-6.557356008,106.734239123
2219,-6.557356134,106.73423915
2220,-6.557355708,106.734239153
2221,-6.557348808,106.734238943
2222,-6.557340544,106.734238157
2223,-6.557332355,106.734238542
2224,-6.557332917,106.734238791
2225,-6.55733385,106.734238783
2226,-6.557381402000001,106.734241656
2227,-6.5573784790000005,106.734241321
2228,-6.557324843,106.734237833
2229,-6.557325328,106.734237832
2230,-6.557320709000001,106.734238585
2231,-6.557320789,106.734238456
2232,-6.557322027999999,106.73423789200001
2233,-6.557294547,106.734241146
2234,-6.557322556,106.734240798
2235,-6.557322874999999,106.734237982
2236,-6.557315758,106.73423828600001
2237,-6.557261549000001,106.73424163600001
2238,-6.557226308000001,106.734242976
2239,-6.557155088,106.734243007
2240,-6.557120414,106.734237539
2241,-6.557131478,106.734235644
2242,-6.557128509,106.73424222199999
2243,-6.557092309000001,106.734243995
2244,-6.557109253,106.734243334
2245,-6.557220295,106.734224409
2246,-6.557170974,106.734235117
2247,-6.557095820000001,106.734243668
2248,-6.5570641200000015,106.734243955
2249,-6.55706754,106.734244323
2250,-6.557128906999999,106.734235881
2251,-6.557054022000001,106.734244062
2252,-6.557118304,106.734243539
2253,-6.557095913,106.7342439
2254,-6.557072101,106.734244299
2255,-6.557083242,106.734244137
2256,-6.5570988240000005,106.734243716
2257,-6.557087214,106.734244045
2258,-6.557099705000001,106.734243723
2259,-6.557098310000001,106.734243765
2260,-6.557099201000001,106.734243831
2261,-6.557099771000001,106.734243849
2262,-6.55713007,106.734243217
2263,-6.5571283970000005,106.73424323100001
2264,-6.557076214,106.73424318
2265,-6.557071561,106.734243239
2266,-6.5570816590000005,106.734242858
2267,-6.557147285,106.734240576
2268,-6.557119688999999,106.734235825
2269,-6.55714118,106.734234924
2270,-6.557207865,106.73422121
2271,-6.557203047,106.734221246
2272,-6.557216364,106.734220865
2273,-6.557218194,106.734220639
2274,-6.5570035010000005,106.734222729
2275,-6.556995049,106.734222393
2276,-6.556990772,106.734220357
2277,-6.556984825,106.734220314
2278,-6.556982961,106.734220299
2279,-6.556986987000001,106.73422002699999
2280,-6.556986450000001,106.734220115
2281,-6.556986245000001,106.734220134
2282,-6.556980108000001,106.734219813
2283,-6.556988179,106.734219002
2284,-6.557328887,106.734200024
2285,-6.55697545,106.734218712
2286,-6.556976412,106.734218756
2287,-6.557355353,106.734201793
2288,-6.556978158,106.734213654
2289,-6.557360365999999,106.734191794
2290,-6.557345573,106.73419495899999
2291,-6.557278258,106.734185347
2292,-6.557105222000001,106.734199733
2293,-6.557146477,106.734123799
2294,-6.5571144530000005,106.734124766
2295,-6.557109061,106.734124666
2296,-6.557109004,106.734124719
2297,-6.5571118440000005,106.734121756
2298,-6.557137698,106.733983873
2299,-6.557165639999999,106.733892204
2300,-6.557144643,106.733881606
2301,-6.5570922849999995,106.733855967
2302,-6.557081183,106.733862807
2303,-6.55707577,106.733862776
2304,-6.557072558,106.733832261
2305,-6.557072542,106.733837563
2306,-6.557075435,106.733839914
2307,-6.557075361,106.733840136
2308,-6.557075348,106.73384013
2309,-6.557075385,106.733840155
2310,-6.557075406,106.733839898
2311,-6.557078234,106.733842337
2312,-6.5571011299999995,106.733919619
2313,-6.55709775,106.733953177
2314,-6.557113598,106.733950367
2315,-6.557152939,106.733916223
2316,-6.557162723999999,106.733908826
2317,-6.557162729,106.733903476
2318,-6.557165726999999,106.733905714
2319,-6.557162608,106.733903371
2320,-6.557165452,106.733905666
2321,-6.557165446,106.733905663
2322,-6.557162451,106.733903364
2323,-6.557162471,106.733903255
2324,-6.557033522,106.733910414
2325,-6.556971561000001,106.734084304
2326,-6.557134401,106.733972932
2327,-6.557101571,106.733978136
2328,-6.557095932999999,106.733997098
2329,-6.557039903,106.734055855
2330,-6.557010730999999,106.73409484
2331,-6.557010462999999,106.734095034
2332,-6.55695729,106.734161379
2333,-6.5569302899999995,106.73420224
2334,-6.556924033,106.734220351
2335,-6.556925924999999,106.734218873
2336,-6.556927551999999,106.734217598
2337,-6.556930211999999,106.734215507
2338,-6.556931271,106.734214677
2339,-6.556936594,106.734210275
2340,-6.556940775,106.734206365
2341,-6.556949091,106.734199394
2342,-6.556950828,106.734197851
2343,-6.556951744,106.73419701
2344,-6.556953511000001,106.734195464
2345,-6.556956509,106.734198218
2346,-6.556957408000001,106.734197368
2347,-6.556960127,106.73419485
2348,-6.556960289,106.734194711
2349,-6.556961645,106.734193367
2350,-6.556961329,106.734193682
2351,-6.556970025,106.73418493
2352,-6.556968954,106.734185902
2353,-6.556970705,106.734184194
2354,-6.556971269,106.734183588
2355,-6.556974729,106.734176546
2356,-6.5569884190000005,106.73415525899999
2357,-6.55699065,106.734152891
2358,-6.556992787,106.734147032
2359,-6.557003932,106.734032392
2360,-6.557004416,106.734024695
2361,-6.55700529,106.734023812
2362,-6.557007223,106.734021803
2363,-6.557006487,106.73402255
2364,-6.557017702,106.734093301
2365,-6.557018279999999,106.734092858
2366,-6.557018279999999,106.734092858
2367,-6.557017812,106.73409334899999
2368,-6.557017997,106.734093159
2369,-6.557017059,106.734086382
2370,-6.557017929,106.734093059
2371,-6.55701623,106.734083411
2372,-6.557011558,106.734047117
2373,-6.557016265,106.734083537
2374,-6.557018392,106.734096185
2375,-6.55700797,106.734020703
2376,-6.557016932,106.734086165
2377,-6.557017775,106.734093113
2378,-6.557018429,106.734096421
2379,-6.55700819,106.734020868
2380,-6.55700819,106.734020868
2381,-6.557007248,106.73402026
2382,-6.557003041,106.734017074
2383,-6.556997089,106.734017968
2384,-6.557037188,106.73402365999999
2385,-6.557074781999999,106.73400167599999
2386,-6.557089887999999,106.73399899
2387,-6.557093554,106.733998972
2388,-6.557090998,106.73399610199999
2389,-6.557092307,106.733989081
2390,-6.557091699,106.733990734
2391,-6.557092057999999,106.733982962
2392,-6.557088444,106.733987137
2393,-6.557088723,106.73398503199999
2394,-6.557085936,106.733987391
2395,-6.557086624,106.733986896
2396,-6.557089739,106.733987353
2397,-6.557096445,106.733986449
2398,-6.557106246,106.733987693
2399,-6.557110994,106.73398387499999
2400,-6.557112802,106.733967992
2401,-6.557140718,106.73396216
2402,-6.557198445,106.733922717
2403,-6.557236713,106.733879688
2404,-6.5572367410000005,106.733879601
2405,-6.557236764,106.73387957199999
2406,-6.557236782,106.733879517
2407,-6.557236782,106.733879512
2408,-6.557236781,106.733879512
2409,-6.557236781,106.733879512
2410,-6.557236782,106.733879517
2411,-6.557236777,106.733879508
2412,-6.557236747,106.73387953
2413,-6.557236746,106.73387953
2414,-6.557236767,106.733879505
2415,-6.5572366440000005,106.733879689
2416,-6.5572366440000005,106.733879711
2417,-6.5572366440000005,106.733879711
2418,-6.55723666,106.733879671
2419,-6.5572366440000005,106.73387969699999
2420,-6.5572366440000005,106.733879691
2421,-6.55723663,106.733879735
2422,-6.557236627,106.733879797
2423,-6.5572366440000005,106.733879689
2424,-6.557236743,106.733879539
2425,-6.557236735,106.733879608
2426,-6.557236749,106.733879655
2427,-6.557236727,106.73387965399999
2428,-6.557236725,106.73387972
2429,-6.557201229,106.733941229
2430,-6.557215896,106.733927454
2431,-6.557178514,106.733965319
2432,-6.557195939999999,106.73394470299999
2433,-6.557204935000001,106.73396176
2434,-6.557135774000001,106.73402141
2435,-6.557127162,106.734033538
2436,-6.557123911,106.734043243
2437,-6.557120283,106.734046942
2438,-6.557131526,106.734027957
2439,-6.5570857799999995,106.73405896599999
2440,-6.55705149,106.734095526
2441,-6.557034059,106.734113739
2442,-6.557016932,106.734131637
2443,-6.557034176,106.73411887
2444,-6.557038431,106.73411470799999
2445,-6.557185935,106.733968979
2446,-6.557185926,106.733969108
2447,-6.557230887999999,106.733910903
2448,-6.557223887,106.733918347
2449,-6.557231006,106.733911875
2450,-6.557362381000001,106.733786727
2451,-6.557357572000001,106.73379126
2452,-6.5573412950000005,106.733806984
2453,-6.557331699000001,106.733816188
2454,-6.557351535000001,106.7338025
2455,-6.557414555,106.733726488
2456,-6.557422356,106.733724164
2457,-6.557417942,106.733738002
2458,-6.557410731,106.733744941
2459,-6.557400504,106.73374950099999
2460,-6.557382359,106.733771238
2461,-6.557368473,106.733783805
2462,-6.557366034,106.73378605799999
2463,-6.557353909,106.73379720999999
2464,-6.557351483,106.733799406
2465,-6.557344226,106.73380609899999
2466,-6.557329758,106.733819458
2467,-6.557329744,106.733819485
2468,-6.557320106,106.733828355
2469,-6.557320106,106.733828344
2470,-6.557317691,106.733830524
2471,-6.557317691,106.73383053399999
2472,-6.557317692,106.733830529
2473,-6.557317692,106.733830529
2474,-6.557317684999999,106.733830552
2475,-6.557317684,106.73383053399999
2476,-6.557317684999999,106.733830531
2477,-6.557137903,106.733913338
2478,-6.557137912,106.733913337
2479,-6.557137924,106.73391332199999
2480,-6.557134909,106.73391641799999
2481,-6.55713492,106.733916404
2482,-6.557134925,106.733916407
2483,-6.557137924,106.73391332199999
2484,-6.557134906,106.733916427
2485,-6.557134881,106.7339164
2486,-6.5571349009999995,106.733916429
2487,-6.557134881,106.733916399
2488,-6.557134906,106.733916426
2489,-6.557134906,106.733916426
2490,-6.557137909,106.73391333
2491,-6.557171442,106.733906263
2492,-6.557162056,106.733888634
2493,-6.5571620489999995,106.733888638
2494,-6.557162053,106.733888632
2495,-6.557114961,106.733850812
2496,-6.55711496,106.733850789
2497,-6.557114951,106.733850832
2498,-6.557114933,106.73385077
2499,-6.557114933,106.733850769
2500,-6.557186432,106.733903695
2501,-6.557190385,106.73386779
2502,-6.557193421999999,106.733864727
2503,-6.5571904199999995,106.73386780999999
2504,-6.557193411999999,106.733864729
2505,-6.557192995,106.733897996
2506,-6.557190412,106.733867801
2507,-6.557193400999999,106.733864719
2508,-6.557190374,106.733867804
2509,-6.5571903439999994,106.733867789
2510,-6.557193431,106.73386467099999
2511,-6.5571934249999995,106.733864678
2512,-6.5571903119999995,106.73386775899999
2513,-6.557190329,106.733867703
2514,-6.557190244,106.733867598
2515,-6.5571901509999995,106.733867511
2516,-6.557193218,106.733864444
2517,-6.557209493999999,106.733940133
2518,-6.557209492999999,106.733940131
2519,-6.557209525999999,106.733940147
2520,-6.557209492999999,106.733940131
2521,-6.557209492999999,106.733940131
3250,-6.5572132750000005,106.73393443
3251,-6.5572132850000004,106.733934469
3252,-6.557213283,106.733934469
3253,-6.557213284,106.733934478
3254,-6.557213295,106.733934434
3255,-6.5572132850000004,106.733934469
3256,-6.55724001,106.733909055
3257,-6.55724298,106.733906101
3258,-6.557242949000001,106.73390619
3259,-6.557242951000001,106.73390619
3260,-6.557242949000001,106.733906173
3261,-6.557242951000001,106.73390619
3262,-6.557242886,106.733906165
3263,-6.557242981,106.73390604299999
3264,-6.5572429130000005,106.73390597
3265,-6.557242931,106.733905806
3266,-6.557242887000001,106.73390581299999
3267,-6.5572371380000005,106.733900127
3268,-6.5572425160000005,106.73390572
3269,-6.557213861,106.733933377
3270,-6.557245506,106.733902593
3271,-6.557201936,106.73392401
3272,-6.557141903000001,106.733990587
3273,-6.557150851,106.733997495
3274,-6.557147860000001,106.734000524
3275,-6.557220668,106.73395506
3276,-6.557221922,106.73394865899999
3277,-6.557221225,106.733951707
3278,-6.557221973,106.73394816
3279,-6.557123461000001,106.734187375
3280,-6.557113468000001,106.734184783
3281,-6.557114211,106.73418168100001
3282,-6.557114148,106.73418179400001
3283,-6.557197584,106.734086055
3284,-6.557207138,106.733940498
3285,-6.557207282,106.73394031
3286,-6.557207284,106.733940314
3287,-6.557207282,106.73394031
3288,-6.557191433,106.733957877
3289,-6.557213298000001,106.733934255
3290,-6.557213327,106.733934099
3291,-6.557210374,106.733931814
3292,-6.557213351000001,106.733934163
3293,-6.5572133500000005,106.733934136
3294,-6.557213351000001,106.733934163
3295,-6.557213349,106.733934163
3296,-6.557213351000001,106.733934163
3297,-6.557213349,106.733934156
3298,-6.557213338,106.733934122
3299,-6.557196844000001,106.733921229
3817,-6.5570874660000005,106.734238762
3818,-6.557183403,106.734227455
3819,-6.557192166,106.734226765
3820,-6.557208252,106.734226328
3821,-6.557053027,106.734243276
3822,-6.557224402,106.734225662
3823,-6.557254865,106.734239322
3824,-6.557296015,106.73420549000001
3825,-6.557283686,106.734238687
3826,-6.557284476,106.734238583
3827,-6.557292097,106.73423827
3828,-6.557292983,106.734238287
3829,-6.557292638,106.734238256
3830,-6.557298284000001,106.73423901700001
3831,-6.557298,106.734238754
3832,-6.557301765,106.734239588
3833,-6.557308813,106.734240001
3834,-6.557311195,106.734240547
3835,-6.557311769,106.734240652
3836,-6.557311578,106.734240515
3837,-6.5573038310000005,106.734218707
3838,-6.557278839,106.734208929
3839,-6.557285037,106.734200958
3840,-6.557291522,106.734201125
3841,-6.557176855,106.733970256
3842,-6.557176934,106.733970173
3843,-6.557159353,106.733988419
3844,-6.557138416,106.734012859
3845,-6.557263804,106.73421857700001
3846,-6.557095669000001,106.734056305
3847,-6.557106221000001,106.734044978
3848,-6.557134915000001,106.733932987
3849,-6.557144394000001,106.733923116
3850,-6.557144401,106.733923131
3851,-6.557144475,106.73392307499999
3852,-6.557141498,106.73392073
3853,-6.557138535,106.733918365
3854,-6.5571414820000005,106.733920901
3855,-6.557138604,106.733918355
3856,-6.557013986,106.733865198
3857,-6.557086796,106.733898281
3858,-6.557081391,106.733919736
3859,-6.557043161999999,106.733913716
3860,-6.557054229,106.73397086
3861,-6.557125335,106.733945618
3862,-6.5571492849999995,106.733942057
3863,-6.55714959,106.733940561
3864,-6.557152695999999,106.73393711
3865,-6.557158778,106.733898528
3866,-6.557110408,106.733944976
3867,-6.556967034,106.73410940299999
3868,-6.557103742000001,106.733980613
3869,-6.557042158,106.733993083
3870,-6.557148788,106.73392866
3871,-6.557137018000001,106.733929825
3872,-6.557162331,106.733944401
3873,-6.557116662,106.733964619
3874,-6.557078579000001,106.733989845
3875,-6.557069379,106.734037796
3876,-6.557013537,106.73405375
3877,-6.556962805,106.734085338
3878,-6.556963169,106.734095628
3879,-6.556966355,106.734092239
3880,-6.556967287,106.734091754
3881,-6.55696847,106.734090753
3882,-6.556967687,106.73408718900001
3883,-6.556968429,106.73408624700001
3884,-6.556973263000001,106.734082529
3885,-6.556975786000001,106.734080359
3886,-6.556982187,106.734073926
3887,-6.5569845860000004,106.73407173
3888,-6.556987591,106.734069416
3889,-6.556990187,106.734067082
3890,-6.5569964899999995,106.734066727
3891,-6.55699467,106.734068616
3892,-6.556994405999999,106.734068876
3893,-6.556994669,106.734068827
3894,-6.557000054,106.734068799
3895,-6.557000276,106.734068575
3896,-6.557000548,106.734068287
3897,-6.557000458,106.734068381
3898,-6.557000777,106.734068038
3899,-6.557000777,106.734068038
3900,-6.5570059,106.73403923
3901,-6.557003762,106.734048966
3902,-6.557020454,106.734053746
3903,-6.557024882,106.734054529
3904,-6.557025154000001,106.734054236
3905,-6.5570731140000005,106.734043278
3906,-6.557074635000001,106.734041631
3907,-6.557086085000001,106.734031624
3908,-6.557126503000001,106.7340257
3909,-6.557090038,106.733970339
3910,-6.557090038,106.733970339
3911,-6.557089735000001,106.733970691
3912,-6.55708644,106.733966683
3913,-6.557089735000001,106.733970691
3914,-6.55708644,106.733966683
3915,-6.557089165000001,106.733971244
3916,-6.557088685,106.733971768
3917,-6.5570864680000005,106.733966615
3918,-6.557088766000001,106.733971739
3919,-6.557089579,106.733970887
3920,-6.557122013000001,106.734026789
3921,-6.557125296000001,106.734027169
3922,-6.5571335610000006,106.734018434
3923,-6.557137377000001,106.734014322
3924,-6.557141594000001,106.73400983799999
3925,-6.557146837000001,106.73400416
3926,-6.5571558130000005,106.733994303
3927,-6.5571572520000005,106.733992704
3928,-6.557154745,106.7339914
3929,-6.557167566,106.733972728
3930,-6.55717749,106.733954424
3931,-6.557177717,106.733954156
3932,-6.557182773999999,106.733942572
3933,-6.55718511,106.73394554
3934,-6.5571872209999995,106.733942879
3935,-6.557186966,106.733930659
3936,-6.557186704,106.733925211
3937,-6.557187174999999,106.733924596
3938,-6.5571889379999995,106.733922543
3939,-6.557189124,106.733922281
3940,-6.557187155,106.733918908
3941,-6.557188415000001,106.73391768
3942,-6.557189578,106.733916581
3943,-6.557190660000001,106.733915597
3944,-6.557190674000001,106.733915737
3945,-6.557189303,106.733928303
3946,-6.557170007,106.733931867
3947,-6.55714683,106.733925451
3948,-6.557147689,106.733924849
3949,-6.557148422,106.73392901
3950,-6.557167954,106.733905031
3951,-6.557158842,106.733898521
3952,-6.557176777,106.733912104
3953,-6.557176803999999,106.733912109
3954,-6.557176844,106.733912156
3955,-6.557173515999999,106.733915337
3956,-6.557167610999999,106.733921495
3957,-6.557167610999999,106.733921495
3958,-6.557167620999999,106.733921488
3959,-6.557167623999999,106.733921492
3960,-6.557167612999999,106.733921489
3961,-6.5571645709999995,106.733924639
3962,-6.557164582999999,106.733924639
3963,-6.557164574999999,106.733924644
3964,-6.5571646229999985,106.733924652
3965,-6.557164614999999,106.733924656
3966,-6.557164598999999,106.733924655
3967,-6.557161615999999,106.733922281
3968,-6.557167637999999,106.733921466
3969,-6.557164658,106.733919134
3970,-6.557173499999999,106.733915382
3971,-6.557325124,106.73378345
3972,-6.5573427010000005,106.733963914
3973,-6.557348545000001,106.73397385
3974,-6.557348484,106.733973976
3975,-6.557348022,106.733969074
3976,-6.557340593999999,106.733949278
3977,-6.557347904,106.733958401
3978,-6.557347717,106.733958451
3979,-6.557347787,106.733958489
3980,-6.557347677,106.733969275
3981,-6.5573479059999995,106.733958477
3982,-6.557347997,106.733958513
3983,-6.557313982,106.733978043
3984,-6.557347972,106.733964013
3985,-6.557312453,106.73398993400001
3986,-6.557318336,106.733983807
3987,-6.557318341,106.73398366400001
3988,-6.557318414,106.733978562
3989,-6.55731603,106.73397007
3990,-6.557316054,106.733964581
3991,-6.55731605,106.733969995
3992,-6.557316041,106.733969999
3993,-6.5573209079999994,106.733959958
3994,-6.5573209079999994,106.733959958
3995,-6.557317478,106.733963746
3996,-6.557320904,106.733965372
3997,-6.557323327,106.733962996
3998,-6.557355416,106.73394084
3999,-6.557350474,106.733940091
4000,-6.5573553339999995,106.733946342
4001,-6.55735531,106.733951764
4002,-6.55740582,106.734109684
4003,-6.557410675,106.734115999
4004,-6.557422696,106.734147912
4005,-6.557439515,106.734207824
4006,-6.557446702,106.734228074
4007,-6.5574490789999995,106.734231214
4008,-6.557449052,106.734231174
4009,-6.557453905,106.734242898
4010,-6.5574538780000005,106.734242858
4011,-6.5574538780000005,106.734242858
4012,-6.55745388,106.734242862
4013,-6.557453893,106.73424288
4014,-6.557343693,106.733788634
4015,-6.5573466510000005,106.733790846
4016,-6.557341857,106.733795143
4017,-6.557174413,106.733894905
4018,-6.557211903000001,106.733892164
4019,-6.55721226,106.733891508
4020,-6.55719795,106.73388018200001
4021,-6.557209505,106.733894416
4022,-6.557200662,106.733881939
4023,-6.557206562,106.733886536
4024,-6.557212267000001,106.733891423
4025,-6.557212397000001,106.733891286
4026,-6.557212397000001,106.733891286
4027,-6.557159053,106.733892736
4028,-6.557187634,106.73391483900001
4029,-6.5571878340000005,106.733914548
4030,-6.5571875330000005,106.733914819
4031,-6.557167192,106.733898203
4032,-6.557187709,106.733914739
4033,-6.557170085,106.733900602
4034,-6.557187528,106.733914795
4035,-6.557187829,106.733914522
4036,-6.557187628,106.733914813
4037,-6.557187631,106.733914811
4038,-6.557187628,106.733914813
4039,-6.5571671600000005,106.733898108
4040,-6.557187709,106.733914739
4041,-6.557187628,106.733914813
4042,-6.5571876200000005,106.73391475300001
4043,-6.55717306,106.73390283
4044,-6.55712558,106.733871923
4045,-6.557137259,106.733881292
4046,-6.557137299,106.733881303
4047,-6.557122659,106.733869471
4048,-6.557137375,106.733881232
4049,-6.557137369,106.733881238
4050,-6.557137365,106.73388124
4051,-6.557137286000001,106.733881301
4052,-6.55720273,106.73380277700001
4053,-6.557202747000001,106.733802768
4054,-6.557202747000001,106.733802768
4055,-6.557202747000001,106.733802768
4056,-6.557202749,106.733802762
4057,-6.557397459,106.734165072
4058,-6.557397493,106.73417065299999
4059,-6.557397493,106.73417065299999
4060,-6.557397493,106.73417065299999
4061,-6.557397495,106.73417065299999
4062,-6.557397484,106.734170629
4063,-6.557397493,106.73417065299999
4064,-6.557397493,106.73417065299999
4065,-6.557397493,106.73417065299999
4066,-6.557397493,106.73417065299999
4067,-6.557397493,106.73417065299999
4068,-6.557397493,106.73417065299999
4069,-6.557397493,106.73417065299999
4070,-6.557397482,106.73417064
4071,-6.557397482,106.734170638
4072,-6.557397493,106.73417065299999
4073,-6.557397439,106.734170626
4074,-6.557397457,106.734170631
4075,-6.557397494,106.734170647
4076,-6.557397493,106.73417065299999
4077,-6.557397482,106.734170638
4078,-6.557397449,106.734170625
4079,-6.557199987000001,106.734214772
4080,-6.557190738,106.733955053
4081,-6.557194814000001,106.73395118500001
4082,-6.557194814000001,106.73395118500001
4083,-6.5571948010000005,106.733951164
4084,-6.557194798,106.733951171
4516,-6.557453947999999,106.7342333
4517,-6.557453881,106.734236868
4518,-6.557453912,106.73423511
4519,-6.557454055,106.734229983
4520,-6.557454168,106.734220283
4521,-6.557454187,106.734220324
4522,-6.557454201,106.73422015
4523,-6.557454144,106.734226115
4524,-6.557432991,106.734200048
4525,-6.557432997,106.734200108
4526,-6.557432988,106.734200083
4527,-6.557432855,106.734200028
4528,-6.557432855,106.734200027
4529,-6.557432879,106.734200053
4530,-6.557432875,106.734200056
4531,-6.557092851,106.73422740000001
4532,-6.55729014,106.734183334
4533,-6.557330098,106.734216347
4534,-6.557351191,106.734226641
4535,-6.557394987,106.734231937
4536,-6.557378401,106.734226283
4537,-6.557392267999999,106.734231627
4538,-6.557369463000001,106.73422963
4539,-6.5573445800000005,106.734229696
4540,-6.557386405,106.734232044
4541,-6.557393373,106.734231326
4542,-6.55739463,106.734231484
4543,-6.557391771,106.734231328
4544,-6.557391035,106.734231251
4545,-6.557386845,106.73423153
4546,-6.557390255,106.734231152
4547,-6.557390248,106.73423118
4548,-6.5573921109999995,106.73423116400001
4549,-6.557391783,106.734231189
4550,-6.55739211,106.73423142600001
4551,-6.557391065999999,106.734231406
4552,-6.557390536,106.734231391
4553,-6.557381075,106.734232118
4554,-6.557375266,106.734232449
4555,-6.557374445,106.734232558
4556,-6.5573683670000005,106.73423296200001
4557,-6.557359473,106.734232874
4558,-6.557364027,106.734232569
4559,-6.557350468999999,106.73423304
4560,-6.557344623,106.73423336900001
4561,-6.55734453,106.734233336
4562,-6.5573321909999995,106.73423352500001
4563,-6.5572494809999995,106.73423488600001
4564,-6.557314431,106.734234129
4565,-6.557256316999999,106.73423556600001
4566,-6.557316334999999,106.734229813
4567,-6.55724943,106.734234736
4568,-6.557241149999999,106.734235603
4569,-6.557223483,106.734237273
4570,-6.557278889,106.734230435
4571,-6.5572689550000005,106.734231046
4572,-6.557191656,106.734236839
4573,-6.557233202,106.734232554
4574,-6.557178106999999,106.734236699
4575,-6.557186258,106.734235983
4576,-6.557183830999999,106.734236096
4577,-6.557119945,106.734238625
4578,-6.557183735,106.734235506
4579,-6.557177782,106.734235908
4580,-6.557170772,106.734236405
4581,-6.557099528,106.734239908
4582,-6.557090523,106.734239555
4583,-6.557102077000001,106.734239452
4584,-6.557111467,106.73423983400001
4585,-6.557090864,106.734239523
4586,-6.5571169000000005,106.734239706
4587,-6.557110186000001,106.734239768
4588,-6.557090079,106.73423959600001
4589,-6.557110338000001,106.734239787
4590,-6.5571132169999995,106.734239612
4591,-6.557105117000001,106.734239888
4592,-6.557108145,106.73424047
4593,-6.557106613,106.734240431
4594,-6.5571082490000006,106.734239908
4595,-6.557104911000001,106.734239996
4596,-6.55707489,106.734239574
4597,-6.557106437,106.734239076
4598,-6.557149129,106.73423767199999
4599,-6.557215873,106.734220821
4600,-6.557094299,106.734239375
4601,-6.557227622,106.734219871
4602,-6.557231341,106.734219698
4603,-6.557245448,106.734236713
4604,-6.557271784,106.734236111
4605,-6.557274817,106.734236088
4606,-6.5572714880000005,106.73423605
4607,-6.557282764,106.73423563200001
4608,-6.557281668,106.734235584
4609,-6.557281112,106.734235609
4610,-6.55730624,106.734199547
4611,-6.557280296,106.734235465
4612,-6.557311481,106.73419953
4613,-6.557295387,106.73423231
4614,-6.557301096,106.734232563
4615,-6.557301556,106.734232362
4616,-6.55730216,106.734232159
4617,-6.557308256,106.734230931
4618,-6.557313236,106.734232001
4619,-6.55728258,106.734202908
4620,-6.557266469,106.734184951
4621,-6.557252087000001,106.734030827
4622,-6.557268294,106.73420101800001
4623,-6.5569955989999995,106.734142142
4624,-6.556995593999999,106.73414216
4625,-6.556995454999999,106.734142029
4626,-6.556995468999999,106.73414221
4627,-6.556995474999999,106.734142214
4628,-6.557008682999999,106.734133638
4629,-6.5570256119999994,106.734108315
4630,-6.557027238999999,106.734104161
4631,-6.557030701999999,106.734107358
4632,-6.557035869999999,106.734105802
4633,-6.557074423,106.73395072
4634,-6.55708575,106.733880223
4635,-6.55713963,106.733825141
4636,-6.557145715,106.733824443
4637,-6.557340234,106.733779324
4638,-6.557343493,106.733776158
4639,-6.557344072,106.733780727
4640,-6.557341652,106.733783016
4641,-6.557341616,106.733782898
4642,-6.557336163,106.733788367
4643,-6.557339177,106.733785186
4644,-6.557339177,106.733785173
4645,-6.557339227,106.733785064
4646,-6.557339218,106.73378499
4647,-6.557339276,106.733784531
4648,-6.557339257000001,106.733784535
4649,-6.557339294,106.733784543
4650,-6.557336288,106.733787759
4651,-6.557339273,106.733784533
4652,-6.557339294,106.733784538
4653,-6.557339295,106.733784539
4654,-6.557143484,106.733830796
4655,-6.557060054,106.733902244
4656,-6.556969593,106.734004055
4657,-6.556972568,106.73406917
4658,-6.556960256,106.73409856800001
4659,-6.556956494,106.734080762
4660,-6.556956963999999,106.734091238
4661,-6.556957235,106.734085638
4662,-6.556959077999999,106.734079033
4663,-6.5569613019999995,106.734077349
4664,-6.556963956,106.734075625
4665,-6.556966206,106.734078833
4666,-6.55696776,106.734078198
4667,-6.556969962,106.734076316
4668,-6.556975328,106.73407090399999
4669,-6.556981384,106.734070344
4670,-6.5569825470000005,106.73406969999999
4671,-6.556982973,106.734069303
4672,-6.556985154,106.734066964
4673,-6.5569844790000005,106.73406789799999
4674,-6.5569916,106.73406668599999
4675,-6.556991239,106.734067064
4676,-6.556991095,106.734067233
4677,-6.556991355,106.734066983
4678,-6.556992889,106.734065304
4679,-6.556993107,106.734065082
4680,-6.556994324,106.734069174
4681,-6.557002432,106.734042661
4682,-6.557002432,106.734042661
4683,-6.557002432,106.734042661
4684,-6.5570052190000006,106.73404143
4685,-6.557020738,106.734058661
4686,-6.557002701,106.734042394
4687,-6.557020754,106.734058309
4688,-6.557070917000001,106.734045423
4689,-6.557020754,106.734058309
4690,-6.557128008,106.734024209
4691,-6.557128117,106.7340241
4692,-6.557048996000001,106.73388961100001
4693,-6.557127264,106.734025069
4694,-6.557124088000001,106.734028523
4695,-6.557124624000001,106.734027946
4696,-6.557124142000001,106.734028468
4697,-6.557127427,106.734024901
4698,-6.557124194000001,106.734028415
4699,-6.557124090000001,106.734028527
4700,-6.557129366000001,106.734022835
4701,-6.557138057,106.734013711
4702,-6.557148317000001,106.734002541
4703,-6.557149016000001,106.73400176999999
4704,-6.557149893000001,106.73400078
4705,-6.557150848000001,106.733999688
4706,-6.557150980000001,106.73399952999999
4707,-6.557150980000001,106.73399952999999
4708,-6.557151039000001,106.733999464
4709,-6.557154861000001,106.73399529699999
4710,-6.557168558000001,106.73396905999999
4711,-6.557174327,106.733965326
4712,-6.557186798,106.733943922
4713,-6.557191409,106.733937558
4714,-6.557191969,106.733936769
4715,-6.55719273,106.733935995
4716,-6.5571879619999995,106.733929411
4717,-6.557188812,106.73392826
4718,-6.557188556,106.733928574
4719,-6.557189069,106.733927898
4720,-6.557185363,106.733931623
4721,-6.55718494,106.733932476
4722,-6.557180593,106.733926306
4723,-6.55718009,106.733927057
4724,-6.55718068,106.733926522
4725,-6.5571774529999995,106.733928702
4726,-6.557166315,106.733919492
4727,-6.55716281,106.733933635
4728,-6.557118553,106.73395848
4729,-6.557098839,106.733958306
4730,-6.557075010999999,106.733912048
4731,-6.5571014629999995,106.733877385
4732,-6.557086503,106.733899384
4733,-6.557098418,106.733880536
4734,-6.557095350999999,106.733883693
4735,-6.557092860999999,106.733886592
4736,-6.557092900999999,106.733886547
4737,-6.557092893999999,106.733886523
4738,-6.557092880999999,106.733886589
4739,-6.557092879,106.733886581
4740,-6.557089900999999,106.733889643
4741,-6.5571214840000005,106.733912847
4742,-6.557121482,106.733912819
4743,-6.557121466,106.73391280599999
4744,-6.557202333000001,106.73397343699999
4745,-6.557043984,106.734155945
4746,-6.557038578,106.73415588099999
4747,-6.55703856,106.734155903
4748,-6.557050646,106.734158938
4749,-6.55703856,106.734155903
4750,-6.5574041339999996,106.733829016
4751,-6.5573948810000005,106.733836252
4752,-6.557401597,106.733865409
4753,-6.557406963000001,106.733865426
4754,-6.557406963000001,106.733865426
4755,-6.557406939000001,106.733870744
4756,-6.557406927000001,106.733870722
4757,-6.5574066360000005,106.733870964
4758,-6.5574065500000005,106.733876465
4759,-6.557367607,106.73389354300001
4760,-6.557359518,106.733881607
4761,-6.557397089999999,106.733808248
4762,-6.557368962,106.733850805
4763,-6.557364746,106.733896574
4764,-6.557367675,106.733899049
4765,-6.557367701,106.73389907800001
4766,-6.557367764,106.73389917200001
4767,-6.557367764,106.73389917200001
4768,-6.557367746000001,106.73389370700001
4769,-6.557367783,106.733893776
4770,-6.557018214,106.734142708
4771,-6.557021786,106.734139115
4772,-6.556998951000001,106.734162709
4773,-6.556991523000001,106.734170256
4774,-6.5569658120000005,106.734196781
4775,-6.556959024,106.734203818
4776,-6.556977683,106.734184881
4777,-6.556944186,106.734219156
4778,-6.556941347,106.734222077
4779,-6.556943179,106.734225797
4780,-6.556943408,106.734225507
4781,-6.556949725,106.73421904599999
4782,-6.556946134,106.734222703
4783,-6.556940369,106.734228583
4784,-6.556940375,106.734228602
4785,-6.556955662,106.734212988
4786,-6.556940373,106.734228599
4787,-6.556940387,106.734228613
4788,-6.556940419,106.734228573
4789,-6.556944361999999,106.734230166
4790,-6.5569443839999995,106.734230151
4791,-6.556971404,106.734197381
4792,-6.556938396,106.734230887
4793,-6.55693842,106.73423087
4794,-6.556938424999999,106.734230869
4795,-6.556938428,106.734230872
4796,-6.557060106000001,106.733940152
4797,-6.557060506,106.733939541
4798,-6.557089697,106.73390939
4799,-6.5571013780000005,106.733897325
4800,-6.557113077,106.733885262
4801,-6.557113076,106.733885266
4802,-6.557118903,106.733879207
4803,-6.557118844,106.733879238
4804,-6.557118904,106.73387921199999
4805,-6.557118916,106.733879229
4806,-6.5571189180000005,106.733879229
4807,-6.557118914,106.733879229
4808,-6.557118902,106.73387922399999
4809,-6.557118913,106.73387923099999
4810,-6.557118873,106.733879234
4811,-6.557118915,106.73387923099999
4812,-6.5571188309999995,106.73387925899999
4813,-6.557122743000001,106.73386947899999
4814,-6.557122767,106.73386941999999
4815,-6.557122802,106.733869414
4816,-6.557122789,106.733869418
4817,-6.557122737,106.733869469
4818,-6.557122787,106.733869412
4819,-6.557122776,106.733869418
4820,-6.557122739,106.733869418
4821,-6.557050751,106.733926546
4822,-6.557047711,106.733929698
4823,-6.557047728,106.733929712
4824,-6.557047689,106.733929707
4825,-6.557041733,106.733935695
4826,-6.557038704,106.733938863
4827,-6.55711314,106.733857197
4828,-6.557110102,106.733860354
4829,-6.557113023,106.733857382
4830,-6.5571130680000005,106.733857306
4831,-6.557113027,106.733857388
4832,-6.5571130239999995,106.733857391
4833,-6.557113015,106.733857391
4834,-6.557113054,106.733857265
4835,-6.557112999,106.733857315
4836,-6.557113005,106.733857311
4837,-6.557113037000001,106.73385724
4838,-6.557113037000001,106.73385724
4839,-6.557112977,106.733857296
4840,-6.557110098,106.73386023
4841,-6.557113016,106.73385725
4842,-6.557110096,106.733860232
4843,-6.557113016,106.73385725
4844,-6.5571129589999995,106.733857324
4845,-6.557112875,106.733857307
4846,-6.557112976,106.733857323
4847,-6.557110096,106.733860232
4848,-6.557113294,106.733857683
4849,-6.557110101,106.733860227
4850,-6.557113019,106.733857245
4851,-6.557112972,106.733857318
4852,-6.557112868,106.733857323
4853,-6.557113063,106.733857156
4854,-6.557113108,106.733857081
4855,-6.55711306,106.733857158
4856,-6.557112974,106.733857136
4857,-6.55711306,106.733857158
4858,-6.557113106,106.733857083
4859,-6.557113184,106.73385693
4860,-6.557112969,106.733857136
4861,-6.55711319,106.733856959
4862,-6.557113054,106.73385716199999
4863,-6.557112954,106.733857153
4864,-6.557113169,106.733856941
4865,-6.5571129589999995,106.733857146
4866,-6.5570873050000005,106.733952954
4867,-6.557123133999999,106.733869067
4868,-6.5571231249999995,106.733869071
4869,-6.557123076,106.733869063
4870,-6.557123086,106.73386906
4871,-6.5571230709999995,106.733869073
4872,-6.557123077,106.733869062
4873,-6.5571230719999996,106.733869068
4874,-6.557123076,106.733869062
4875,-6.5571230709999995,106.733869073
5161,-6.557244468,106.734082829
5162,-6.557206411,106.734139168
5163,-6.557201512,106.734150147
5164,-6.557198693,106.73416566
5165,-6.557209897,106.734146651
5166,-6.557262518,106.734073857
5167,-6.557260579,106.734075872
5168,-6.557260579,106.734075872
5169,-6.557262839,106.734073823
5170,-6.557262851,106.734073845
5171,-6.557414949,106.733849216
5172,-6.5574192159999996,106.733856838
5173,-6.557419369,106.733857214
5174,-6.557423666000001,106.733868152
5175,-6.557429056000001,106.73388001000001
5176,-6.557429704000001,106.733881408
5177,-6.5574330960000005,106.73389339
5178,-6.557433464000001,106.733894667
5179,-6.557433981000001,106.73389609
5180,-6.557425315,106.73391993999999
5181,-6.5574086760000005,106.733934788
5182,-6.557398535,106.733960373
5183,-6.55740867,106.73396878999999
5184,-6.557408561999999,106.733973654
5185,-6.557411092999999,106.73398432799999
5186,-6.557412069,106.733988741
5187,-6.557411258,106.73400409599999
5188,-6.557411344,106.734006818
5189,-6.557413461,106.734013695
5190,-6.557426788,106.73401597
5191,-6.557428604,106.734033135
5192,-6.557427884,106.734035648
5193,-6.557423484,106.734052037
5194,-6.557421449,106.73405719
5195,-6.557421662,106.734056952
5196,-6.557424367,106.734051544
5197,-6.557422155000001,106.734056788
5198,-6.557405645,106.734061543
5199,-6.5573641060000005,106.734055888
5200,-6.5574109809999985,106.734088018
5201,-6.557387219,106.734089256
5202,-6.557397731,106.734110785
5203,-6.5573195349999995,106.73409626
5204,-6.5573543249999995,106.734120139
5205,-6.557379706,106.734133904
5206,-6.5573752480000005,106.734145691
5207,-6.557325947,106.734128845
5208,-6.557358001999999,106.734163952
5209,-6.557354919,106.73416608800001
5210,-6.557354116,106.73416552900001
5211,-6.557326572,106.734169847
5212,-6.557309656999999,106.734171059
5213,-6.557325677,106.73418694600001
5214,-6.557320836000001,106.734189552
5215,-6.557320555,106.734190062
5216,-6.557318034000001,106.73419165
5217,-6.557316228,106.734192138
5218,-6.557315218,106.734192487
5219,-6.557311049,106.734194292
5220,-6.557307061,106.734196036
5221,-6.557303797,106.734197624
5222,-6.557285847,106.734206081
5223,-6.5572841319999995,106.734206818
5224,-6.55725903,106.734217301
5225,-6.557250979,106.734218414
5226,-6.55725245,106.734219242
5227,-6.557246945,106.734220413
5228,-6.557243781,106.734222112
5229,-6.557236490000001,106.734223746
5230,-6.557235328000001,106.734224694
5231,-6.557223216000001,106.73422758699999
5232,-6.5572213690000005,106.734228
5233,-6.557211385,106.73422893
5234,-6.557200935,106.734229104
5235,-6.557197523,106.734230281
5236,-6.557191439,106.734232542
5237,-6.557187658,106.7342341
5238,-6.557186850000001,106.734234468
5239,-6.5571839160000005,106.734234638
5240,-6.557183061,106.734235536
5241,-6.557184348,106.73423382
5242,-6.5571923430000005,106.734200287
5243,-6.557176714000001,106.734120438
5244,-6.5571769490000005,106.734135506
5245,-6.557180157,106.734147409
5246,-6.557180157,106.734147409
5247,-6.557177556,106.734138305
5248,-6.55717438,106.734053711
5249,-6.557164793,106.734050622
5250,-6.557156783,106.73405018
5251,-6.557134145,106.734053226
5252,-6.557124879,106.734054939
5253,-6.557125270999999,106.73405728
5254,-6.55712243,106.73405733199999
5255,-6.557135857,106.734065274
5256,-6.557154122,106.734087874
5257,-6.557154829,106.734088009
5258,-6.557154618,106.734090748
5259,-6.557153881,106.734093973
5260,-6.557162542,106.734078282
5261,-6.5571626,106.734078284
5262,-6.5571554889999994,106.734095798
5263,-6.557158627,106.73409165
5264,-6.557145978,106.734106433
5265,-6.5571909999999995,106.734069069
5266,-6.557190351,106.734067791
5267,-6.557191265,106.734067053
5268,-6.557190141,106.734063046
5269,-6.557189683000001,106.734060227
5270,-6.557189922,106.734058666
5271,-6.557159685,106.734079906
5272,-6.557156788,106.734083065
5273,-6.55718932,106.734061907
5274,-6.5571902500000006,106.73405698799999
5275,-6.557191273000001,106.734052144
5276,-6.557191079000001,106.734051903
5277,-6.5571572080000005,106.734079249
5278,-6.557152164,106.734080472
5279,-6.557152529,106.734079029
5280,-6.557150517,106.734083148
5281,-6.5571474720000005,106.73409932999999
5282,-6.5571473870000005,106.734099362
5283,-6.557147453,106.734099332
5284,-6.557147417,106.734103604
5285,-6.557144867,106.734101079
5286,-6.55714549,106.734101862
5287,-6.557145597,106.73410108
5288,-6.557145957,106.73410176499999
5289,-6.557145758,106.734103267
5290,-6.557146087,106.734102069
5291,-6.557145947,106.734101752
5292,-6.5571456480000005,106.734103053
5293,-6.55714608,106.73410164399999
5294,-6.557145841,106.73410117099999
5295,-6.55714713,106.734101436
5296,-6.55714718,106.73410138999999
5297,-6.557143879,106.73409607399999
5298,-6.557143233000001,106.734097602
5299,-6.557145013,106.734096712
5300,-6.557143689,106.73409335
5301,-6.557143595,106.734093613
5302,-6.557143513000001,106.734094269
5303,-6.557143605,106.734093483
5304,-6.557144261,106.73409314599999
5305,-6.5571454870000005,106.734095869
5306,-6.557144378,106.734093192
5307,-6.557143289000001,106.73409442
5308,-6.55713809,106.734090146
5309,-6.55711489,106.734079338
5310,-6.5570823439999995,106.734084521
5311,-6.55706727,106.734084812
5312,-6.557042118,106.734082666
5313,-6.557039414,106.734082934
5314,-6.557039497,106.73408218
5315,-6.557017826,106.734077259
5316,-6.557016954,106.73407435
5317,-6.557004366,106.734070628
5318,-6.5570097160000005,106.734074514
5319,-6.557010162,106.734075974
5320,-6.556964489,106.734068754
5321,-6.5569648990000005,106.734065696
5322,-6.557002772000001,106.734072215
5323,-6.557008693,106.734078243
5324,-6.556994455,106.734079911
5325,-6.557004798,106.734086574
5326,-6.556996952,106.734084375
5327,-6.556995592,106.734085847
5328,-6.557002937,106.734088673
5329,-6.557027542,106.73408882
5330,-6.55702704,106.734085482
5331,-6.5570249910000005,106.734086139
5332,-6.5570292310000005,106.734087459
5333,-6.5570409430000005,106.734088006
5334,-6.5570460420000005,106.734092838
5335,-6.557089792,106.73410060799999
5336,-6.557094657,106.734099968
5337,-6.557144149,106.734124696
5338,-6.557145101,106.73412093
5339,-6.557148328,106.73411478599999
5340,-6.557149007,106.73410302799999
5341,-6.557149852,106.734103273
5342,-6.557159143,106.734087497
5343,-6.557162645,106.734106025
5344,-6.557186914,106.73422471500001
5345,-6.557183386,106.734196923
5346,-6.557183464,106.734237845
5347,-6.557183044,106.734239648
5348,-6.557178847,106.734185961
5349,-6.557168196,106.734030331
5350,-6.55717159,106.734047402
5351,-6.557245065,106.733923754
5352,-6.557237541000001,106.733868291
5353,-6.557183614,106.73385883499999
5354,-6.557165905,106.733844529
5355,-6.557156882,106.733848621
5356,-6.557148622000001,106.73384063
5357,-6.557148155,106.733883017
5358,-6.5571371990000005,106.733908136
5359,-6.557144812000001,106.734086123
5360,-6.557148075000001,106.734100111
5361,-6.557148139000001,106.734099931
5362,-6.557148178,106.73410014
5363,-6.557148906,106.734100896
5364,-6.557149216,106.73410036
5365,-6.5571493059999995,106.734100384
5366,-6.557149073,106.73410214
5367,-6.5571522390000005,106.734096301
5368,-6.557152071,106.734100287
5369,-6.557155438000001,106.734090978
5370,-6.557155652,106.734085282
5371,-6.557191766000001,106.73404026899999
5372,-6.557161681,106.734075092
5373,-6.557191966,106.734047042
5374,-6.5571846869999995,106.734104129
5375,-6.557170253000001,106.734017965
5376,-6.557171312,106.734043637
5377,-6.557170742,106.734041082
5378,-6.557171881,106.734047239
5379,-6.557198656,106.734149783
5380,-6.557199577,106.734067818
5381,-6.557207537,106.734125033
5382,-6.557206939,106.73412839
5383,-6.557205237,106.73415507
5384,-6.557205388,106.734180441
5385,-6.557201809,106.734195852
5386,-6.557200602,106.734187295
5387,-6.557200585,106.73418708
5388,-6.557200506,106.734174361
5389,-6.557202381,106.734175781
5390,-6.557200465,106.734188373
5391,-6.5572011329999995,106.734189531
5392,-6.557201072,106.734189568
5393,-6.557201083,106.734189579
5394,-6.557201194,106.73418978
5395,-6.557201793,106.73418378
5396,-6.557203085,106.734167355
5397,-6.557202851,106.73415892
5398,-6.557203367,106.734166617
5399,-6.5572023900000005,106.73417439
5400,-6.557202782,106.734172191
5401,-6.55720326,106.734162286
5402,-6.557203412,106.734165147
5403,-6.5572027440000005,106.73417285400001
5404,-6.557203282,106.73416719000001
5405,-6.557202678,106.734174229
5406,-6.557203062,106.734171272
5407,-6.557202963,106.73417328000001
5408,-6.557202614,106.734174861
5409,-6.557202646,106.73417487
5410,-6.557201139,106.734160514
5411,-6.557200116,106.734165054
5412,-6.557202525,106.734174614
5413,-6.557202525,106.734174614
5414,-6.557202308,106.734175867
5415,-6.557201622,106.734174948
5416,-6.557202314,106.734175871
5417,-6.557201569,106.734170688
5418,-6.5571999199999995,106.734166397
5419,-6.557199147,106.734154971
5420,-6.557199147,106.734154971
5421,-6.557209482999999,106.73414915000001
5422,-6.557199502,106.734153416
5423,-6.557200398,106.734147862
5424,-6.557324693,106.733874369
5425,-6.5572252760000005,106.73395409700001
5426,-6.557210067,106.73396707500001
5427,-6.557225048,106.73395143900001
5428,-6.557210105,106.733967068
5429,-6.557229049,106.733943266
5430,-6.557183876,106.734021377
5431,-6.557213289,106.73397176900001
5432,-6.55723186,106.733971853
5433,-6.557205948,106.733997259
5434,-6.557184322,106.734026844
5435,-6.557204559,106.73415835
5436,-6.55720765,106.734176979
5437,-6.557207952,106.73417574700001
5438,-6.557207882,106.734175796
5439,-6.5572088100000006,106.734170478
5440,-6.557208941,106.734164069
5441,-6.557208660000001,106.734173975
5442,-6.557208097,106.734169795
5443,-6.557208028,106.734169866
5444,-6.5572077360000005,106.73417599700001
5445,-6.557207619,106.734176926
5446,-6.557207876,106.734176127
5447,-6.557207935,106.734176266
5448,-6.557206276,106.734171266
5449,-6.557206257,106.734171229
5450,-6.557205493,106.734160484
5451,-6.557206228,106.734161636
5452,-6.557205536,106.734160522
5453,-6.557205514,106.734160589
5454,-6.557205506,106.734160531
5455,-6.5572063929999995,106.734162327
5456,-6.557205596999999,106.73416117800001
5457,-6.557205657,106.734161249
5458,-6.557206462,106.734162673
5459,-6.557214738,106.734155797
5460,-6.55720647,106.734162747
5461,-6.557205711,106.73416160400001
5462,-6.557255766,106.733985683
5463,-6.557219812,106.733999072
5464,-6.557226553,106.733985559
5465,-6.557202087,106.734015967
5466,-6.557205132,106.733994705
5467,-6.557193936,106.734031066
5468,-6.557196567,106.734035764
5469,-6.557197419,106.734034395
5470,-6.557194583,106.734031819
5471,-6.5572057169999995,106.734161836
5472,-6.557205001,106.734167148
5473,-6.557205349,106.734169281
5474,-6.557205987,106.734162465
5475,-6.557205905,106.734162263
5476,-6.55720604,106.734162395
5477,-6.557205507,106.73416930500001
5478,-6.557207323,106.73417933
5479,-6.5572090020000005,106.734171766
5480,-6.557208739,106.73417161500001
5481,-6.55720991,106.734159169
5482,-6.557209981,106.73415946
5483,-6.557210206,106.734157487
5484,-6.5572091409999995,106.734150421
5485,-6.557209665,106.734149386
5486,-6.55720941,106.734151116
5487,-6.557209064,106.734149068
5488,-6.557209128,106.734152762
5489,-6.557208782,106.734150714
5490,-6.557208741,106.734150509
5491,-6.557208742,106.734150509
5492,-6.557208742,106.734150509
5493,-6.557208804,106.734150541
5494,-6.557209081,106.734153227
5495,-6.557206943,106.734171933
5496,-6.557228355,106.733976142
5497,-6.557261185,106.733958035
5498,-6.557206344,106.734037425
6201,-6.557230031,106.73403138100001
6202,-6.557230037999999,106.734031387
6203,-6.557230013,106.73403136600001
6204,-6.557242969000001,106.73409744599999
6205,-6.557243454,106.734101806
6206,-6.557242550000001,106.734097379
6207,-6.557239568,106.734093078
6208,-6.5572406370000005,106.734094606
6209,-6.5572406370000005,106.734094606
6210,-6.557239568,106.734093078
6211,-6.557239568,106.734093078
6212,-6.557239568,106.734093078
6213,-6.557239677,106.734093335
6214,-6.55723968,106.734093331
6215,-6.557239677,106.734093335
6216,-6.557239677,106.734093335
6217,-6.557240746000001,106.734094863
6218,-6.557239677,106.734093335
6219,-6.557216436000001,106.734125839
6220,-6.557216439,106.734125834
6221,-6.557216436000001,106.734125838
6222,-6.557216436000001,106.734125839
6223,-6.557216439,106.734125834
6224,-6.557216439,106.734125834
6225,-6.557216436000001,106.734125838
6226,-6.557217143000001,106.734125788
6227,-6.557216413000001,106.734125552
6228,-6.557216413000001,106.734125552
6229,-6.5572175580000005,106.734127864
6230,-6.557217120000001,106.734125501
6231,-6.557216413000001,106.734125551
6232,-6.557236209,106.734116446
6233,-6.557236209,106.734116446
6234,-6.557236209,106.734116446
6235,-6.5572361930000005,106.734116393
6236,-6.557236192,106.734116381
6237,-6.5572361930000005,106.734116393
6238,-6.557236192,106.734116381
6239,-6.557238982,106.734123029
6240,-6.557237332000001,106.734119446
6241,-6.557222211,106.734054863
6242,-6.55722373,106.734052739
6243,-6.557226731,106.73404790400001
6244,-6.557226731,106.73404790400001
6245,-6.557226708,106.73404788500001
6246,-6.557226696,106.734047872
6247,-6.557226732999999,106.734047896
6248,-6.557226732999999,106.734047896
6249,-6.557226708,106.73404788500001
6250,-6.557226072,106.73405002300001
6251,-6.557219781,106.734016828125
6252,-6.557219772,106.734016822125
6253,-6.557219783,106.734016832125
6254,-6.557219772,106.734016822125
6255,-6.557219781,106.734016828125
6256,-6.557219772,106.734016826
6257,-6.557219773,106.734016826
6258,-6.557219781,106.734016828125
6259,-6.557219772,106.734016821125
6260,-6.557219783,106.734016832125
6261,-6.557219783,106.734016832125
6262,-6.557219777,106.734016828125
6263,-6.557219782,106.734016828125
6264,-6.557219770000001,106.734016821125
6265,-6.557219772,106.73401682412499
6266,-6.557219783,106.734016832125
6267,-6.557219778,106.734016828125
6268,-6.557219776,106.734016828125
6269,-6.557219773,106.734016823125
6270,-6.557219783,106.734016832125
6271,-6.557218369,106.734015350125
6272,-6.55725312,106.734116852
6273,-6.557256742000001,106.73412032499999
6274,-6.557222799,106.734050955
6275,-6.557253738000001,106.73411490299999
6276,-6.557250273000001,106.734117716
6277,-6.557250273000001,106.734117716
6278,-6.5572491610000005,106.734116091
6279,-6.5572491610000005,106.734116091
6280,-6.5572491610000005,106.734116091
6281,-6.5572491610000005,106.734116091
6282,-6.557249164000001,106.734116087
6283,-6.557249164000001,106.734116087
6284,-6.557249164000001,106.734116087
6285,-6.557249164000001,106.734116087
6286,-6.5572491610000005,106.734116091
6287,-6.5572491610000005,106.734116091
6288,-6.5572491610000005,106.734116091
7545,-6.557160047,106.73396254
7546,-6.557160048,106.73396254
7547,-6.557160047,106.73396254
7548,-6.557160047,106.73396254
7549,-6.557160047,106.73396254
7550,-6.557159989,106.73396254299999
7551,-6.557159888,106.733962577
7552,-6.557158642,106.733971184
7553,-6.557173047999999,106.734020921
7554,-6.557170231,106.73400241
7555,-6.557172432,106.734010152
7556,-6.55716315,106.734009562
7557,-6.557160576,106.733979517
7558,-6.557161129000001,106.733982478
7559,-6.557160215000001,106.733978766
7560,-6.557160211,106.733978772
7561,-6.557160221,106.733978788
7562,-6.557161426,106.73398066
7563,-6.557163809,106.734006989
7564,-6.557164399,106.734007604
7565,-6.5571593770000005,106.733971711
7566,-6.557163206,106.733990495
7567,-6.557160932,106.733980499
7568,-6.557161971,106.733984099
7569,-6.557162475,106.73398539200001
7570,-6.557160756,106.733980766
7571,-6.557123131,106.73404314599999
8429,-6.557046998000001,106.73374801700001
8430,-6.55705516,106.73374287
8431,-6.55705953,106.73374039000001
8432,-6.557061272,106.733740439
8433,-6.557070101,106.733735327
8434,-6.5570750570000005,106.733732816
8435,-6.557079131,106.733730578
8436,-6.557089802,106.733725955
8437,-6.557097016,106.733725202
8438,-6.557104043,106.733722417
8439,-6.557116617,106.733719205
8440,-6.557123535,106.7337172
8441,-6.557131095,106.733719275
8442,-6.557139832000001,106.73371448
8443,-6.5571396680000005,106.733714301
8444,-6.557152113000001,106.733715389
8445,-6.5571566830000005,106.733714724
8446,-6.557128134,106.733710405
8447,-6.55712836,106.733710409
8448,-6.5571173599999995,106.733710297
8449,-6.557114942999999,106.733710583
8450,-6.557116734,106.733710622
8451,-6.557115043,106.733707182
8452,-6.557117031,106.73371098
8453,-6.557117939,106.73370749
8454,-6.557120069,106.73370779300001
8455,-6.557121413,106.733711153
8456,-6.557118904999999,106.733711367
8457,-6.5571327219999995,106.73371092000001
8458,-6.557117463,106.733708036
8459,-6.557118545,106.733711713
8460,-6.557129551,106.733708951
8461,-6.5571227709999995,106.733709022
8462,-6.557127008,106.73370968100001
8463,-6.557117326,106.73371224
8464,-6.557139701,106.733711013
8465,-6.557183096,106.733723674
8466,-6.557177709,106.73372505900001
8467,-6.5571935109999995,106.7337295
8468,-6.557218238,106.73374335300001
8469,-6.557168137,106.73376156
8470,-6.557287844999999,106.733968253
8471,-6.557363755,106.73378727699999
8472,-6.557366509,106.733789929
8473,-6.557369717,106.73379342
8474,-6.55729006,106.733986649
8475,-6.557301022,106.733983143
8476,-6.557295903,106.73400469
8477,-6.557297262,106.733999967
8478,-6.557405526,106.73383321
8479,-6.557406833,106.733833066
8480,-6.557412593,106.733847654
8481,-6.557415917999999,106.73385230599999
8482,-6.557412756,106.733852324
8483,-6.557418609,106.733858416
8484,-6.557421815,106.733866301
8485,-6.557424522,106.733871246
8486,-6.5574255,106.73387339
8487,-6.557425639,106.733881489
8488,-6.557434071000001,106.73389541899999
8489,-6.557433221,106.733895116
8490,-6.55742474,106.73391658999999
8491,-6.557412584,106.733932211
8492,-6.557276664,106.73404242
8493,-6.5573028870000005,106.73402732699999
8494,-6.557312753000001,106.734030325
8495,-6.557312996,106.734032809
8496,-6.557314250999999,106.734036967
8497,-6.557314443,106.734045376
8498,-6.5573140059999995,106.73405092899999
8499,-6.557314025,106.734055136
8500,-6.557311129,106.734060663
8501,-6.557313612,106.73406443500001
8502,-6.557315653000001,106.73406619800001
8503,-6.5573183870000005,106.734067898
8504,-6.557315019,106.733990965
8505,-6.557307671,106.734074845
8506,-6.557309955,106.73401421
8507,-6.557314924,106.733989277
8508,-6.557306305,106.734081298
8509,-6.557315517,106.73398578300001
8510,-6.557306028,106.734003199
8511,-6.557221044,106.73403071
8512,-6.5570525669999995,106.734118306
8513,-6.557075718,106.734081987
8514,-6.5570628719999995,106.734095859
8515,-6.557063842,106.734088366
8516,-6.557067176,106.734085065
8517,-6.557069105,106.734083002
8518,-6.557068363,106.734083724
8519,-6.557070488,106.734081576
8520,-6.557061014,106.734093682
8521,-6.5570683590000005,106.734092862
8522,-6.557061799,106.734114191
8523,-6.557070182,106.734108752
8524,-6.557071711,106.734107099
8525,-6.557062211,106.73411754199999
8526,-6.557068304,106.73411773
8527,-6.557101902,106.734119153
8528,-6.557110249,106.734116446
8529,-6.557124475,106.734117703
8530,-6.557121089000001,106.734120405
8531,-6.557126104,106.734120836
8532,-6.5571162880000005,106.734125279
8533,-6.557125081000001,106.734150503
8534,-6.5571229859999995,106.734181775
8535,-6.55716463,106.734195307
8536,-6.557164479,106.734195436
8537,-6.557214827,106.734207857
8538,-6.557245095,106.73420899199999
8539,-6.557266498,106.734201704
8540,-6.557303041,106.734201173
8541,-6.55730014,106.734209996
8542,-6.55730572,106.7342015
8543,-6.557305315,106.734202167
8544,-6.557155952,106.734199657
8545,-6.557134472,106.73420089300001
8546,-6.557116875,106.734193006
8547,-6.5571133790000005,106.734195821
8548,-6.5571828210000005,106.734199435
8549,-6.5572257490000005,106.734206376
8550,-6.557156679999999,106.734202373
8551,-6.557169548999999,106.734194641
8552,-6.557303961,106.734207901
8553,-6.557374984999999,106.734221999
8554,-6.557404071,106.73422802799999
8555,-6.557261541,106.734051399
8556,-6.557315804,106.734110502
8557,-6.557188341333333,106.73416660733334
8558,-6.557012656527778,106.73384186594444
8559,-6.5570126165277784,106.73383658394444
8560,-6.557022435527778,106.73386876094445
8561,-6.557010467527778,106.73383376194444
8562,-6.557013136527778,106.73383567494444
8563,-6.557010178527778,106.73383335094444
8564,-6.557010188527778,106.73383880394444
8565,-6.557010184527779,106.73383882494444
8566,-6.557015635527779,106.73385514694445
8567,-6.557015635527779,106.73385514694445
8568,-6.557013147527778,106.73385200394445
8569,-6.5570109315277785,106.73384933894444
8570,-6.5570109315277785,106.73384933894444
8571,-6.557010925527779,106.73384933694444
8572,-6.557007962527779,106.73384703594445
8573,-6.557007956527778,106.73384703794444
8574,-6.557007951527779,106.73384701294444
8575,-6.557010913527778,106.73384933694444
8576,-6.557007951527778,106.73384703694444
8577,-6.557010909527778,106.73384932594445
8578,-6.557010926527778,106.73384922094445
8579,-6.5570109205277785,106.73384921394444
8580,-6.557010917527778,106.73384920994444
8581,-6.557004545527779,106.73385446194445
8582,-6.557004545527779,106.73385446194445
8583,-6.557004247527779,106.73385758694444
8584,-6.557004247527779,106.73385758694444
8585,-6.557004236527779,106.73385759694445
8586,-6.557004236527779,106.73385759694445
8587,-6.557004236527779,106.73385759694445
8588,-6.557058805333334,106.73401009233334
8589,-6.5570544853333335,106.73403164033333
8590,-6.557061235333333,106.73411796233333
8591,-6.557073472333333,106.73411286333334
8592,-6.557036217,106.734138474
8593,-6.557038595,106.73413523
8594,-6.557035947,106.73413730200001
8595,-6.557030962,106.734141415
8596,-6.557029164999999,106.734139674
8597,-6.557029146,106.734138952
8598,-6.557029313999999,106.734137301
8599,-6.5570352739999995,106.734131573
8600,-6.557034698,106.734131052
8601,-6.557034723,106.734130786
8602,-6.557032663999999,106.734131784
8603,-6.557027294,106.734135323
8604,-6.557024845,106.734132974
8605,-6.557019926,106.734131479
8606,-6.557017687999999,106.734132788
8607,-6.5570163159999995,106.73412848
8608,-6.556997668,106.734130492
8609,-6.5569955559999995,106.734134903
8610,-6.5569880739999995,106.734129401
8611,-6.556978594,106.734124759
8612,-6.556978732,106.734124686
8613,-6.556978703,106.734122852
8614,-6.556960227,106.734107204
8615,-6.556931655,106.734045197
8616,-6.556948751,106.734088222
8617,-6.556948758000001,106.734087836
8618,-6.556931332,106.734060937
8619,-6.55693986,106.734057951
8620,-6.556931006999999,106.73406461799999
8621,-6.556931613,106.734056216
8622,-6.5569310419999995,106.734053155
8623,-6.556931018,106.734063038
8624,-6.5569311269999995,106.734064287
8625,-6.556948853000001,106.734088572
8626,-6.556930717999999,106.734056469
8627,-6.556959444,106.734098535
8628,-6.556980854000001,106.73412267
8629,-6.556967313,106.73410949
8630,-6.556980939000001,106.734122612
8631,-6.557012406,106.734126234
8632,-6.557012493,106.734129475
8633,-6.557021955,106.734140611
8634,-6.557026843,106.734136235
8635,-6.557016668,106.734155067
8636,-6.5570221239999995,106.73415622899999
8637,-6.557019495,106.734159801
8638,-6.557019444,106.734160758
8639,-6.557021278,106.73416263200001
8640,-6.557021551,106.73416456300001
8641,-6.557025462,106.734161156
8642,-6.557050167,106.734151799
8643,-6.557063521000001,106.734145109
8644,-6.5570564650000005,106.734138519
8645,-6.557011474444445,106.73405882411112
8646,-6.556945855444445,106.7340271431111
8647,-6.556949198444444,106.73400870111111
8648,-6.556949166444444,106.73400871511112
8649,-6.556951839444444,106.7340141341111
8650,-6.556999057444445,106.73380714961111
8651,-6.556951869444445,106.7340141181111
8652,-6.5569518414444445,106.73401413511111
8653,-6.556951869444445,106.73401413611111
8654,-6.556951835444444,106.73401414311111
8655,-6.556951816444444,106.73401415811111
8656,-6.556951800444445,106.73401417211112
8657,-6.556951794444444,106.73401417911111
8658,-6.556951784444444,106.73401420511111
8659,-6.557298687,106.734083369
8660,-6.55700894,106.734156953
8661,-6.557191616,106.734104152
8662,-6.557189835,106.734111534
8663,-6.557189846,106.734111571
8664,-6.557189923,106.734110015
8665,-6.5571894660000005,106.734109268
8666,-6.557190019,106.734110225
8667,-6.557192442000001,106.734105837
8668,-6.557193098000001,106.734106793
8669,-6.557193092,106.734106803
8670,-6.557190454,106.734112845
8671,-6.557191361,106.73411476
8672,-6.55719114,106.73411496
8673,-6.557190928,106.734114871
8674,-6.557190362,106.73411509
8675,-6.557190387,106.734115281
8676,-6.557190137,106.734120553
8677,-6.5571333769999995,106.734079836
8678,-6.557133371,106.73407985
8679,-6.557014480444444,106.73413121311111
8680,-6.557014462444444,106.73413116711112
8681,-6.557131326444445,106.73397382711111
8682,-6.557014474444444,106.73413118311112
8683,-6.5570144874444445,106.73413120111111
8684,-6.557014496444444,106.73413119611111
8685,-6.557014469444445,106.73412573811112
8686,-6.556949128444445,106.73399793311111
8687,-6.556949099444444,106.73399793811112
8688,-6.556949097444444,106.73399794111111
8689,-6.556949087444444,106.73399794411111
8690,-6.556946081444444,106.73400102211112
8691,-6.556946058444444,106.73400095011111
8692,-6.556948782444445,106.73400636511111
8693,-6.556948815444445,106.7340118741111
8694,-6.556948966444445,106.73401248511111
8695,-6.556948969444444,106.7340125311111
8696,-6.556949020444445,106.73401262311111
8697,-6.556946036444445,106.73401584311111
8698,-6.556962706444445,106.73404674311111
8699,-6.5569476114444445,106.73405103911111
8700,-6.5569476224444445,106.73404034411111
8701,-6.556934844444444,106.73402390411111
8702,-6.556932495444444,106.7340104831111
8703,-6.556929715444444,106.73401319711111
8704,-6.556926531444444,106.73397798111111
8705,-6.556926555444444,106.73396185011111
8706,-6.556931966444444,106.73395645811111
8707,-6.556931972444445,106.73395648111111
8708,-6.556931953444444,106.73395644211111
8709,-6.556931876444444,106.73395617011111
8710,-6.556931890444444,106.73395611911111
8711,-6.556931882444444,106.7339560621111
8712,-6.556931883444444,106.73395605711112
8713,-6.5569318964444445,106.73395602611112
8714,-6.556931932444445,106.7339560661111
8715,-6.556931922444445,106.7339560581111
8716,-6.556931972444445,106.73395601611111
8717,-6.556931983444445,106.73395589911111
8718,-6.557111443,106.73398385099999
8719,-6.556937451444445,106.73396601111111
8720,-6.556955477444444,106.73398514711111
8721,-6.5569674594444445,106.7339887681111
8722,-6.557280878,106.734112369
8723,-6.557281426,106.734112508
8724,-6.557174928,106.734200654
8725,-6.557191466,106.73419504
8726,-6.557278484,106.734138381
8727,-6.557200682,106.73411175
8728,-6.557200655,106.73411172
8729,-6.557181548,106.734142161
8730,-6.557263201,106.73416326
8731,-6.55728079,106.7341686
8732,-6.55725321,106.734165773
8733,-6.557262124,106.734165251
8734,-6.556952676194445,106.73402383011111
8735,-6.556952676194445,106.73402383011111
8736,-6.556998120194445,106.73383109661111
8737,-6.556998110194445,106.73383111561111
8738,-6.556998114194445,106.73383111161111
8739,-6.556949902194445,106.73402122211111
8740,-6.556949904194445,106.73402121911111
8741,-6.556949902194445,106.73402122211111
8742,-6.556952649194445,106.73402385611111
8743,-6.556949900194445,106.73402119011111
8744,-6.557239779,106.734081829
8745,-6.557239741,106.734078075
8746,-6.557240428,106.734083104
8747,-6.557239976,106.734078747
8748,-6.557184491,106.734007765
8749,-6.557172594000001,106.733979977
8750,-6.557172587,106.733979975
8751,-6.5572015640000005,106.733993726
8752,-6.557213462,106.733982383
8753,-6.55721352,106.733982352
8754,-6.5572263,106.733959391
8755,-6.557226292,106.733959402
8756,-6.557213514,106.733982374
8757,-6.557213525,106.733982356
8758,-6.557221232,106.733989958
8759,-6.557197555,106.734029145
8760,-6.5570877724444445,106.73404981511112
8761,-6.557163775444445,106.73394327111112
8762,-6.5571607884444445,106.73394628011111
8763,-6.557163775444445,106.73394327111112
8764,-6.557228620999999,106.733968094
8765,-6.557228616,106.733968104
8766,-6.557179496444444,106.73394873411111
8767,-6.5572286129999995,106.7339681
8768,-6.557228641,106.733968069
8769,-6.557228618999999,106.733968098
8770,-6.557228618999999,106.733968098
8771,-6.557179471444444,106.7339487681111
8772,-6.557179458444445,106.73394877411111
8773,-6.557179464444444,106.7339487411111
8774,-6.5571794454444445,106.73394877911112
8775,-6.557018790444445,106.73381932761112
8776,-6.5572436199999995,106.733968664
8777,-6.557243883,106.733974875
8778,-6.557243888,106.73397486100001
8779,-6.557243874,106.733974859
8780,-6.557243875999999,106.73397486
8781,-6.557243881,106.733974866
8782,-6.557243874,106.733974859
8783,-6.557243875999999,106.73397486
8784,-6.557243876,106.733974858
8785,-6.557243876,106.733974858
8786,-6.557287956000001,106.733937805
8787,-6.557287949,106.733937801
8788,-6.557287957000001,106.733937804
8789,-6.557287949,106.7339378
8790,-6.557287981,106.73393782400001
